id,title,project,module,executor,status,originalStart,originalDue,forecastDue,remainingHours,allocations,dependencies,nextAction,source,lastUpdated,risk,blocker,contact,coordinationDue
"demo-task-001","【虚构】网关接口回归","demo-project-starbridge","demo-module-gateway","demo-person-jia","test-passed","2026-09-28","2026-10-02","2026-10-02","0","[]","[]","准备发布检查，不将测试通过写成已发布","虚构演示数据（本地生成，无外部系统来源）","2026-10-01T09:00:00Z","","","",""
"demo-task-002","【虚构】权限策略开发","demo-project-starbridge","demo-module-auth","demo-person-yi","dev-complete","2026-09-28","2026-10-02","2026-10-02","8","[{""periodStart"":""2026-09-28"",""periodEnd"":""2026-10-04"",""hours"":8}]","[""demo-task-001""]","补充边界用例并安排测试","虚构演示数据（本地生成，无外部系统来源）","2026-10-01T09:00:00Z","","","",""
"demo-task-003","【虚构】对接协议确认","demo-project-starbridge","demo-module-gateway","demo-person-jia","blocked","2026-09-21","2026-09-30","2026-10-09","16","[{""periodStart"":""2026-09-28"",""periodEnd"":""2026-10-04"",""hours"":16}]","[]","请虚构协作方甲确认字段清单并给出更新时间","虚构演示数据（本地生成，无外部系统来源）","2026-10-01T09:00:00Z","字段未确认会影响接入联调","虚构协作方尚未确认接口字段","虚构协作方甲","2026-09-30"
"demo-task-004","【虚构】接入联调","demo-project-starbridge","demo-module-gateway","demo-person-jia","in-progress","2026-09-28","2026-10-02","2026-10-09","20","[{""periodStart"":""2026-09-28"",""periodEnd"":""2026-10-04"",""hours"":20}]","[""demo-task-003""]","先完成可独立验证的适配器；等待协议确认后再联调","虚构演示数据（本地生成，无外部系统来源）","2026-10-01T09:00:00Z","依赖任务阻塞；本周期排入负荷高于已知容量","","",""
"demo-task-005","【虚构】组件说明补齐","demo-project-starbridge","demo-module-auth","demo-person-yi","planned","2026-09-28","2026-10-02","2026-10-02","6","[{""periodStart"":""2026-09-28"",""periodEnd"":""2026-10-04"",""hours"":6}]","[]","核对停滞记录是否仍有效；确认后再更新状态","虚构演示数据（本地生成，无外部系统来源）","2026-09-19T09:00:00Z","","","",""
"demo-task-006","【虚构】检索索引发布","demo-project-cloudsail","demo-module-search","demo-person-bing","released","2026-09-28","2026-10-02","2026-10-02","0","[]","[]","收集验收反馈；发布不等于业务验收","虚构演示数据（本地生成，无外部系统来源）","2026-10-01T09:00:00Z","","","",""
"demo-task-007","【虚构】导出模板验收","demo-project-cloudsail","demo-module-export","demo-person-bing","accepted","2026-09-28","2026-10-02","2026-10-02","0","[]","[]","整理本地验收记录","虚构演示数据（本地生成，无外部系统来源）","2026-10-01T09:00:00Z","","","",""
"demo-task-008","【虚构】导出异常处理","demo-project-cloudsail","demo-module-export","demo-person-ding","in-progress","2026-09-28","2026-10-02","2026-10-02","14","[{""periodStart"":""2026-09-28"",""periodEnd"":""2026-10-04"",""hours"":14}]","[]","先向成员丁确认容量；不可将缺失容量解释为空闲","虚构演示数据（本地生成，无外部系统来源）","2026-10-01T09:00:00Z","容量资料缺失，不能判断能否承诺交付","","",""
"demo-task-009","【虚构】本周新增检索筛选","demo-project-cloudsail","demo-module-search","demo-person-bing","planned","2026-09-28","2026-10-02","2026-10-02","12","[{""periodStart"":""2026-09-28"",""periodEnd"":""2026-10-04"",""hours"":12}]","[]","确认新增范围与原计划的取舍","虚构演示数据（本地生成，无外部系统来源）","2026-10-01T09:00:00Z","","","",""
"demo-task-010","【虚构】尚未排期的审计字段","demo-project-starbridge","demo-module-auth","demo-person-yi","planned","2026-09-28","2026-10-02","2026-10-02","10","[]","[]","明确周期排入工时，不能把全部剩余工时自动当成本周负荷","虚构演示数据（本地生成，无外部系统来源）","2026-10-01T09:00:00Z","","","",""
